id	artist	album	genre	year	discs	speed	bought
629	David Bowie	Low	Art Rock, Avant Pop, Electronic, Ambient Pop	1977		33	2024
628	The B-52's	The B-52's	New Wave, Post Punk	1979		33	2024
627	Jeff Rosenstock	Hellmode	Punk	2023		33	2024
626	Stephen Steinbrink	Dissapearing Coin	Folk, Pop	2023		33	2024
625	Tele Novella	Marlynn Belle	Folk, Country, Medieval, Psych Pop	2021		33	2023
624	Tele Novella	Poet's Tooth	Folk, Country, Medieval, Psych Pop	2023		33	2023
623	Foot Ox	It's Like Our Little Machine	Folk, Punk, Experimental	2008		33	2023
622	Sad Park	No More Sound	Punk, Pop	2023		33	2023
621	Foot Ox	Judee & the Sun	Folk, Punk, Experimental	2023		33	2023
620	Sparks	The Girl is Crying in Her Latte	Art Pop, Synth Pop	2023		33	2023
619	Jean Michele Jarre	The Essential	Synth Pop, Ambient	1983		33	2022
618	Kate Bush	Hounds of Love	Art Rock, Experimental, Pop	1985		33	2022
617	David Grisman	Mondo Mando	Jazz, Bluegrass	1981		33	2022
616	Future Islands	Singles	Synth Pop	2014		33	2022
615	Littlest Man Band	Better Book Ends	Ska, Rock	2004		33	2022
614	Littlest Man Band	Unknown	Ska, Rock	2004		45	2022
613	Wolfgang Amadeus Mozart	Soundtrack	Classical	1984		33	2022
612	Charles Wright & the Watts 103rd Street Rhythm Band	Express Yourself	Soul, Funk, R&B	1970		33	2022
611	Van Dyke Parks	Song Cycle	Orchestral Pop, Avant Pop, Art Rock	1967		33	2022
610	The Zombies	Odessey and Oracle	Baroque Pop, Psychedellic Pop	1968		33	2022
609	Andrew W.K	I Get Wet	Hard Rock, Heavy Metal, Punk Rock	2001		33	2022
608	The Native Steel Drum Band	Steel Drum	World, Steel Drum, Calypso	1959		33	2022
607	Joanna Newsom 	Y's	Progressive Folk, Baroque Pop, Indie Folk	2006		33	2022
606	DEVO	Are We Not Men	New Wave, Post Punk, Art Rock	1978		33	2022
605	We Are the Union	Ordinary Life	Ska, Punk	2021		33	2022
604	The Slackers	Don’t Let The Sunlight Fool Ya	Ska	2022		33	2022
603	Procol Harum	The Best Of Procol Harum	Rock	1972		33	2022
602	David Bowie	Scary Monsters (and Super Creeps)	Art Rock, New Wave, Post Punk	1980		33	2022
601	Bronski Beat	Truthdare Doubledare	Synthpop, Dance	1985		33	2022
600	Catbite	Nice One	Ska, Punk	2021		33	2022
599	Bacao Rhythm & Steel Band	Represent / Juicy Fruit	Hip Hop, Reggae, Funk, Soul	2022		45	2022
598	Ramsey Lewis	Salongo	Soul-Jazz, Jazz-Funk	1976		33	2022
597	Roy Orbison	The Very Best of Roy Orbison	Rock & Roll, Pop	1966		33	2022
596	Estacado	Estacado	Psychedelic Rock	2022		33	2022
595	Jeff Rosenstock	Ska Dream	Ska, Punk	2021		33	2022
594	Adam and the Ants	Kings of the Wild Frontier	Rock, Pop	1980		33	2022
593	Various	Ann Arbor Blues Festival 1969 Vol. 2	Blues	2019	2	33	2022
592	The 5.6.7.8's	Sho-Jo-Ji	Rock & Roll	2011		45	2022
591	John & Tom	Gonna Lay Down My Old Guitar	Country, Folk	2011		45	2022
590	Joshua Hedley	Broken Man	Country	2018		45	2022
589	Carl Sagan	A Glorious Dawn	Spoken Word	2009		45	2022
588	Roy Orbison	Chicken-Hearted	Rock & Roll	1957		45	2022
587	The Black Belles	Wishing Well	Garage Goth	2012		45	2022
586	Michael, Liz & Heather	Greetings From Nashville	Spoken Word	2022		33	2022
585	American Contemporary	Sonorous Explorations	Contemporary Classical	1978		33	2022
584	Sparks	A Steady Drip, Drip, Drip	Art Pop	2020	2	45	2021
583	FFS	FFS	Indie Rock, Electropop, Art Rock, Dance Rock	2015	2	33	2021
582	Reverend Horton Heat	King	Psychobilly	1999		45	2021
581	Calibro 35	Calibro 35	Rock, Funk, Cinematic	2008		33	2021
580	Jerry Jeff Walker	Viva Terlingua	Outlaw country	1973		33	2021
579	David Laibman & Eric Schoenberg	The New Ragtime Guitar	Ragtime, Acoustic	1971		33	2021
578	Paul Simon	Paul Simon	Folk Rock	1972		33	2021
577	General Public	All the Rage	New Wave, Two-Tone, Post-Punk	1984		33	2021
576	Eddy Grant	Killer on the Rampage	Reggae, Funk, New Wave	1982		33	2021
575	Dexys Midnight Runners	Too-Rye-Ay	New Wave	1982		33	2021
574	Roy Orbison	There is Only One	Rock	1965		33	2021
573	DEVO	Freedom of Choice	New Wave, Synth-Pop	1980		33	2020
572	David Bowie	The Man Who Sold the World	Glam Rock, Rock 	1971		33	2020
571	Patsy Cline	Today, Tomorrow and Forever	Country	1985		33	2020
570	Gene Autry	Back in the Saddle Again	Country	1939		33	2020
569	Dolly Parton	9 to 5 and Odd Jobs	Country	1980		33	2020
568	Big Audio Dynamite	Medicine Show	Hip Hop, Post Punk	1986		33	2020
567	Adam and the Ants	Prince Charming	New Wave	1981		33	2020
566	Igor Stravinsky		Classical	1982		33	2020
565	El Gran Combo	Este Si Que Es El Gran Combo	Salsa, Latin	1969	1	33	2020
564	A Turma Da Pilantragem	O Som Da Pilantragem	Brazilian, Latin, Samba	1968		33	2020
563	Solo Mouna	Solo Mouna	Afro Pop, Cameroon	1987		33	2020
562	General Public	Hand to Mouth	New Wave	1986		33	2020
561	Claude Debussy	Debussy/Ravel Quartets	Classical	1976		33	2020
560	Claude Debussy	Images Pour Le Piano	Classical	1977		33	2020
559	Elvis Costello & The Attractions	Punch the Clock	New Wave, Power Pop, Ska	1983		33	2020
558	Billy Preston	It's My Pleasure	Soul, Rock	1975		33	2020
557	Talking Heads	Remain in Light	New Wave, Post Punk, Worldbeat	1980		33	2020
556	Soft Cell	Non-Stop Erotic Cabaret	Synth-pop, new wave, minimal synth, electronic	1981		33	2020
555	Bon Iver	i,i	Chamber folk, experimental, folktronica	2019		33	2020
554	Sparks	Music That You Can Dance To	Dance pop	1986		33	2020
553	Gioachino Rossini	Greatest Hits	Classical, Opera, Symphonic	1982		33	2020
552	Glochids	Ni Fila	Experimental, Sound Collage, Field Recording	2017	1	33	2020
551	Glochids	Water on Silver	Experimental, Sound Collage, Field Recording	2016	1	33	2020
550	Tacocat	This Mess is a Place	Indie Punk Rock, Surf Punk, Pop Punk	2019		33	2020
549	James Taylor	James Taylor	Folk Rock, Art Rock	1968		33	2010
548	Ella Fitzgerald	Bernard Buffet	Jazz	1959		33	2008
547	Bandits of the Acoustic Revolution	A Call to Arms	Acoustic, Folk, Ska	2001		33	2016
546	Al Stewart	Year of the Cat	Rock, Soft Rock, Progressive Pop	1976		33	2012
545	Various	Woodstock	Rock	1969		33	2012
544	Various	With Love From Sweden				33	2014
543	The Clash	White Riot	Punk	1977		45	2012
542	Billy Idol	Whiplash Smile	Punk Rock, Hard Rock, Glam Rock	1986		33	2012
541	DEVO	Whip It	New Wave, Synth-Pop	1980		45	2010
540	Bill Cosby	When I Was a Kid	Comedy	1971		33	2008
539	Louis Armstrong Orchestra & Chorus	What a Wonderful World	Jazz, Dixieland Jazz			45	2010
538	The English Beat	Wha'ppen?	Ska, Two-Tone	1981		33	2010
537	Barbara Streisand	Wet	Pop	1979		33	2010
536	Jimmy Giuffre	Western Suite	Jazz	1960		33	2007
535	Crystal Gayle	We Must Believe in Magic	Country	1977		33	2010
534	Cliff Richard	We Don't Talk Anymore	Pop Rock	1979		33	2010
533	The Waitresses	Wasn't Tomorrow Wonderful	New Wave, Post-Punk	1982		33	2020
532	Various	Walt Disney's Fantasia	Soundtrack	1940		33	2010
531	Ultravox	Vienna	Synth-Pop, New Wave	1981		33	2012
530	Squeeze	U.K. Squeeze	Rock, Hard Rock	1978		33	2012
529	George Frederick Handel	Two Double Concertos	Classical			33	2010
528	Kool & The Gang	Twice As Kool	R&B, Soul, Funk, Disco	1983		33	2010
527	Billy Joel	Turnstiles	Soft Rock, Pop Rock, Progressive Rock	1976		33	2010
526	The Blood Brothers	Rumors Laid Waste	Post-Hardcore, Screamo	2003		33	2004
525	Talking Heads	True Stories	New Wave, Post-Punk, Art Pop, Avant-Funk	1986		33	2013
524	The Jacksons	Triumph	Post-Disco, R&B, Funk, Soul	1980		33	2010
523	Modern Romance	Trick of the Light	Pop, New Wave, Salsa	1983		33	2012
522	Various	Traditional Songs of Mexico	Mexican Folk	1968		33	2011
521	Various	Traditional Flute Music of the Andes	Andean, Folk	1973		33	2014
520	Neil Diamond	Touching You Touching Me	Pop, Rock	1966		33	2010
519	Amazing Rhythm Aces	Too Stuffed to Jump	Southern Rock	1976		33	2012
518	Elton John	Too Low For Zero	Rock, Pop, New Wave	1983		33	2010
517	The Four Tops	Tonight	Soul, Pop	1981		33	2010
516	The Who	Tommy	Rock, Hard Rock, Power Pop	1969		33	2010
515	PotShot	til I die	Ska Punk, J-Ska	2000		33	2010
514	Michael Jackson	Thriller	Pop	1982		33	2014
513	Louis Armstrong	This is Louis Armstrong Part 1	Jazz, Dixieland Jazz			33	2012
512	Sly and the Family Stone	There's a Riot Goin' On	Funk, Psychedelic Funk, Avant Pop, Avant Soul	1971		33	2014
511	Various	Themes	Soundtrack			33	2010
510	Eagles	Their Greatest	Rock, Soft Rock	1976		33	2010
509	Yes	The Yes Album	Progressive Rock	1971		33	2009
508	Bruce Springsteen	The Wild, the Innocent & the Street Shuffle	Rock and Roll, Rhythm and Blues	1973		33	2013
507	John Willbraham	The Well-Tempered Trumpet	Classical			33	2010
506	Bill Monroe	The Weary Traveler	Bluegrass, Gospel, Country, Folk	1976		33	2012
505	Johann Strauss	The Vienna of Johann Strauss	Classical			33	2010
504	Link 80	The Struggle Continues...	Punk Rock, Pop Punk, Ska Punk, Skacore	2000		33	2010
503	Billy Joel	The Stranger	Rock, Pop	1977		33	2010
502	The Who	The Story of the Who	Rock, Hard Rock, Power Pop	1976		33	2012
501	Scott Joplin	The Sting	Soundtrack, Ragtime	1973		33	2012
500	Ravi Shankar	The Sounds of India	Hindustani Classical	1968		33	2012
499	George Frederick Handel	The Six Organ Concertos and Six Fugues	Classical			33	2010
498	Carpenters	The Singles: 1969-1973	Pop	1973		33	2010
497	Various	The Singing Detective	Soundtrack	1986		33	2010
496	Mike Seeger	The Second Annual Farewell Reunion	Folk	1973		33	2010
495	Various	The Royal Tournament 1985	Classical			33	2010
494	George Frederick Handel	The Popular Mr. Handel	Classical			33	2009
493	Gary Numan	The Pleasure Principle	Synth-Pop, New Wave	1979		33	2012
492	Holst	Planets	Classical			33	2007
491	The Photos	The Photos	New Wave	1980		33	2012
490	10cc	The Original Soundtrack	Art Rock, Progressive Pop, Soft Rock	1975		33	2012
489	Billy Joel	The Nyon Curtain	Pop Rock, Soft Rock	1982		33	2010
488	Leon Russell & New Grass Revival	The Live Album	Newgrass	2007		33	2010
487	Various	The King of Comedy	Soundtrack	1982		33	2010
486	Neil Diamond	The Jazz Singer	Pop, Jazz	1980		33	2010
485	Dallas Corey	The History of the American Revolution	Spoken Word, History			33	2010
484	Various	The Good Times in Country Music	Country			33	2010
483	Smothers Brothers	The Funny Side of the Smothers Brothers	Comedy	1963		33	2010
482	Antonio Vivaldi	The Four Seasons	Classical, Baroque	1725		33	2010
481	Mireille Mathieu	The Fabulous New French Singing Star	Pop, French	1966		33	2010
480	Les Paul and Mary Ford	The Fabulous Les Paul and Mary Ford	Jazz, Country	1965		33	2008
479	David Grisman	The David Grisman Quintet	Americana, Progressive Bluegrass, Folk	1977		33	2008
478	The Rah Band	The Crunch	Jazz-Funk, Synthpop, Electronic	1977		45	2010
477	Big Country	The Crossing	Alternative Rock, New Wave, Folk Rock	1983		33	2012
476	Various	The Concert for Bangladesh	Rock, Folk	1971		33	2011
475	The Cars	The Cars	New Wave, Power Pop	1978		33	2008
474	Various	The Big Chill	Soundtrack	1983		33	2010
473	AJJ	The Bible 2	Folk Punk, Art Rock, Psychedelic Folk, Lo-Fi	2016		33	2016
472	Sparks	The Best of Sparks	Art Rock, Glam Rock, New Wave	1978		33	2010
471	Michael Nesmith	The Best of Mike Nesmith	Rock, Folk, Country			33	2010
470	Count Basie	The Best of Count Basic Big Band	Jazz, Big Band, Swing	1988		33	2005
469	The Beatles	The Beatles	Rock, Pop, Folk	1968		33	2004
468	The Beach Boys	The Beach Boys Today!	Orchestrated Rock	1965		33	2010
467	Various	The All American Pop Collection	Pop			33	2010
466	Buggles	The Age of Plastic	New Wave, Electropop, Progressive Pop	1980		33	2012
465	Thin Lizzy	The Adventures of Thin Lizzy	Hard Rock, Blues Rock	1981		33	2010
464	Thao & Mirah	Thao & Mirah	Indie Rock	2011		33	2011
463	Alberto Y Lost Trios	Thank You				45	2010
462	Antonio Carlos Jobim	Terra Brasilis	Bossa Nova	1980		33	2009
461	Tenpole Tudor	Tenpole Tudor	Punk Rock, New Wave	1981		33	2012
460	The Motors	Tenement Steps	Rock	1980		33	2012
459	George Benson	Tell it Like it is	Jazz	1969		33	2010
458	Cat Stevens	Tea for the Tillerman	Folk Rock	1970		33	2004
457	Fleetwood Mac	Tango in the Night	Pop Rock	1987		33	2008
456	Air	Talkie Walkie	Electronica, Pop	2004		33	2005
455	What Laura Says	Talk	Rock, Blues Rock	2012		33	2012
454	Matrix	Tale of the Whale	Jazz Fusion	1979		33	2010
453	Peter Tchaikovsky	Symphony No. 6	Classical			33	2009
452	Wolfgang Mozart & Haydn	Symphony No. 41 & Haydn Symphony No. 94	Classical			33	2009
451	Wolfgang Amadeus Mozart	Symphony No. 41 & 35	Classical			33	2007
450	Sibelius	Symphony No. 2	Classical			33	2008
449	Jive Bunny and the Mastermixers	Swing the Mood	Pop, Rock and Roll	1989		45	2010
448	Barbara Dickson	Sweet Oasis	Pop	1978		33	2010
447	Ian Dury & the Blockheads	Sweet Gene Vincent	Punk Rock, Rock and Roll	1977		45	2010
446	ABBA	Super Trouper	Pop	1980		33	2010
445	Three Dog Night	Suitable for Framing	Rock	1969		33	2010
444	The Who	Substitute	Rock, Hard Rock, Power Pop	1966		45	2010
443	Sublime	Sublime	Ska Punk, Reggae Rock, Alternative Rock	1996		33	2014
442	Stuff Smith	Stuff Smith	Jazz	1957		33	2011
440	Billy Joel	Streetlife Serenade	Pop Rock, Soft Rock	1974		33	2010
439	The Acme Bluegrass Company, Inc.	Stranded Again	Bluegrass			33	2008
438	Talking Heads	Stop Making Sense	New Wave, Post-Punk, Art Pop, Avant-Funk	1984		33	2013
437	Paul Simon	Still Crazy After All These Years	Folk Rock, Pop Rock, Soul	1975		33	2011
436	Stephane Grappelli & David Grisman	Stephane Grappelli & David Grisman Live	Americana, Newgrass, Gypsy Jazz	1981		33	2008
435	Kiki Dee	Stay With Me	Pop	1978		33	2010
434	XTC	Statue of Liberty	Art Rock, Post-Punk, New Wave	1978		45	2010
433	Stanley Jordan	Standards Volume I	Jazz, Jazz Fusion	1986		33	2008
432	Jack Weigand	Stairway to the Stars	Jazz, Lounge	1960		33	2009
431	Andy Fairweather Low	Spider Jiving	Pop Rock	1974		45	2010
430	Woodie Guthrie	Songs to Grown On for Mother and Child	Folk, Americana	1947		33	2011
429	Captain & Tennille	Song of Joy	Pop	1976		33	2010
428	The Stranglers	Something Better Change/Straighten Out	Punk Reggae	1977		45	2010
427	Various	Solitudes: Environmental Sounds Experiences	Sound			33	2010
426	The English Congregation	Softly Whispering I Love You	Pop, Vocal	1971		33	2010
425	Eric Clapton	Slowhand	Rock	1977		33	2009
424	Dr. Hook	Sloppy Seconds	Counrty Rock	1972		33	2010
423	Stevie Wonder	Sir Duke	R&B, Soul	1977		45	2011
422	Boz Scaggs	Silk Degrees	Blue-Eyed Soul, Rock, Blues Rock, Soft Rock	1976		33	2010
421	Various	Sidewalks of New York	Soundtrack			33	2012
420	Buffy Sainte-Marie	She Used to Wanna be a Ballerina	Folk Rock	1971		33	2011
419	Various	Saturday Night Fever	Soundtrack	1977		33	2012
418	Chris Proctor	Runoff	Folk, Blues			33	2010
417	Jackson Browne	Running on Empty	Rock	1977		33	2010
416	Fleetwood Mac	Rumours	Soft Rock, Pop	1977		33	2007
415	Poco	Rose of Cimarron	Country Rock	1976		33	2010
414	The Tigers	Romance in the Milky Way/Flower Necklace	Group Sounds, Baroque Pop	1968		45	2010
413	Ramones	Rockaway Beach	Punk Rock	1977		33	2010
412	Various	Rock 'N' Roll High School	Soundtrack	1979		33	2008
411	PotShot	Rock 'n' Roll	Ska Punk, J-Ska	1999		33	2010
410	Ike & Tina Turner	River Deep ~ Mountain High	Soul, R&B, Blues	1966		33	2013
409	Wolfgang Amadeus Mozart	Requiem	Classical			33	2011
408	Thin Lizzy	Renegade	Hard Rock	1981		33	2012
407	Edwin L Baron	Relaxation and Self-Improvement	Relaxation, Self-Improvement			33	2010
406	Various	Reflections: Original Instrumental Hits	Instrumental			33	2010
405	The Tourists	Reality Effect	Post-Punk, Power Pop	1979		33	2012
404	Dylan Thomas	Reading	Spoken Word			33	2012
403	The Boomtown Rats	Rat Trap	Punk Rock, New Wave	1978		45	2012
402	Nat King Cole	Ramblin' Rose	Jazz, Croon	1962		33	2010
401	Ultravox	Rage in Eden	Synth-Pop, New Wave	1981		33	2012
400	Ultravox	Quartet	Synth-Pop, New Wave	1982		33	2012
399	The Who	Quadrophenia	Rock, Hard Rock, Power Pop	1973		33	2010
398	Prince	Purple Rain	Pop, R&B, Rock, Psychedelia, New Wave, Funk	1984		33	2011
397	Daryl Hall and John Oates	Private Eyes	Pop Rock, Blue-Eyed Soul, Soft Rock	1981		33	2010
396	Linda Ronstadt	Prisoner in Disguise	Rock, Country Rock	1975		33	2010
395	Michael Nesmith	Pretty Much Your Standard Ranch Stash	Country Rock	1973		33	2010
394	PotShot	Pots and Shots	Ska Punk, J-Ska	1997		33	2010
393	Various	Playboy Manbaby, Petty Things, Cherie Cherie	Rock	2011		45	2011
392	Huey Lewis and the News	Picture This	Rock, Pop Rock	1981		33	2010
391	Billy Joel	Piano Man	Pop Rock, Soft Rock, Country Rock	1973		33	2010
390	People Get Ready	People Get Ready	Indie Rock	2012		33	2012
389	The Stranglers	Peaches	Punk Reggae	1977		45	2010
388	Ultravox	Passionate Reply	Synth-Pop, New Wave	1981		45	2010
387	Parenthetical Girls	(((GRRRLS)))	Indie Rock	2003		33	2004
386	Styx	Paradise Theatre	Pop Rock, Rock	1981		33	2010
385	Steeleye Span	Original Masters	Folk Rock	1986		33	2010
384	Jerry Lee Lewis	Original Golden Hits - Volume 2	Rock and Roll	1969		33	2007
383	Orchestral Manoeuvres in the Dark	Organisation	Electronic, New Wave, Synth-Pop, Experimental	1980		33	2010
382	George Frederick Handel	Organ Concertos	Classical			33	2010
381	Shannon & the Clams	Onion	Garge Punk, Rockabilly, Doo-Wop	2018		33	2018
380	Michael Jackson	One Day in Your Life	Pop	1981		45	2010
379	The Moody Blues	On the Threshold of Dream	Progressive Rock	1969		33	2010
378	Harry Chapin	On the Road to Kingdom Come	Pop Rock	1976		33	2009
377	Charlie Monroe	On the Noon-Day Jamboree	Bluegrass, Gospel, Country, Folk	1974		33	2010
376	Union	On Strike	Rock	1981		33	2012
375	George Carlin	Occupation Foole	Comedy	1973		33	2011
374	Lynyrd Skynyrd	Nuthin' Fancy	Southern Rock, Blues Rock, Hard Rock	1975		33	2010
373	Carly Simon	No Secrets	Pop Rock	1972		33	2010
372	Daryl Hall and John Oates	No Goodbyes	Pop Rock, Blue-Eyed Soul, Soft Rock	1977		33	2010
371	Kenny Loggins	Nightwatch	Rock, Soft Rock	1978		33	2010
370	Queen	News of the World	Hard Rock, Arena Rock	1977		33	2007
369	Tatsuya Nakatani	Nakatani Gong Orchestra	Gong	2012		33	2012
368	Various	Music from the Galaxies				33	2010
367	George Frederick Handel	Music for the Royal Fireworks	Classical			33	2010
366	MU330	MU330	Ska Punk, Punk Rock, Indie Rock	1999		33	2010
365	Herman's Hermits	Mrs. Brown You Have A Lovely Daughter	Beat, Pop	1963		33	2010
364	Barbara Dickson	Morning Comes Quickly	Pop	1977		33	2010
363	The Specials	More Specials	Ska, Two Tone	1980	1	33	2010
362	Golden Earring	Moontan	Hard Rock, Progressive Rock	1973		33	2011
361	Glochids	Null Sound	Soundtrack	2018		45	2018
360	Thelonious Monk	Misterioso	Jazz, Hard Bop	1958		33	2008
359	Medeski, Martin & Wood	Midnight Birds	Jazz Fusion			33	2009
358	George Frederick Handel	Messiah	Classical			33	2010
357	Various	Memories				33	2010
356	Yeah Yeah Yeahs	Fever to Tell	Garage Rock Revival, Art Punk	2003		45	2004
355	The Bee Gees	Massachusetts	Pop	1967		45	2010
354	Mark Russell	Mark Russell's Wild, Weird, Wired World of Watergate	Spoken Word			33	2010
353	Roy Neal	Man on the Moon: The Flight of Apollo 11	History	1969		33	2010
352	Madness	Madness	Ska, Two Tone	1988		33	2010
351	Madness	Mad Not Mad	Ska, Two Tone	1985		33	2010
350	Various	Luz De Vida: A Compilation to Benefit the Victims of the Tucson Tragedy	Rock, Latin, Funk, Soul, Country	2011		33	2011
349	Kiki Dee	Loving & Free	Pop	1973		33	2010
348	The Boomtown Rats	Lookin' After No. 1	Punk Rock, New Wave	1977		45	2013
347	Wings	London Town	Rock	1978		33	2010
346	Daryl Hall and John Oates	Livetime	Pop Rock, Blue-Eyed Soul, Soft Rock	1978		33	2010
345	The Who	Live at Leeds	Rock, Hard Rock, Power Pop	1970		33	2010
344	John Coltrane	Live at Birdland	Jazz	1964		33	2011
343	Monty Python	Live and City Center	Comedy	1976		33	2010
342	The Doors	Light My Fire	Psychedelic Rock	1967		45	2013
341	Bright Eyes	Lifted or The Story is in the Soil, Keep Your Ear to the Ground	Indie Rock, Indie Folk	2002		33	2004
340	Orleans	Let There Be Music	Soft Rock	1974		33	2010
339	Kansas	Leftoverture	Rock	1976		33	2010
338	Stevie Wonder	Lately	R&B, Soul	1981		45	2010
337	Al Di Meola	Land of the Midnight Sun	Jazz, Jazz Fusion	1976		33	2010
336	Claude Debussy	La Mer and Iberia	Classical			33	2015
335	Andy Fairweather Low	La Booga Rooga	Pop Rock	1975		33	2010
334	INXS	Kick	New Wave, Alternative Rock	1987		33	2010
333	KC & The Sunshine Band	KC & The Sunshine Band	Disco, Funk	1982		33	2010
332	Bob Dylan	John Wesley Harding	Folk Rock, Country Rock, Country	1967		33	2014
331	Various	Jesus Christ Superstar	Musical	1970		33	2010
330	Queen	Jazz	Hard Rock, Heavy Metal, Pop, Arena Rock	1978		33	2005
329	J.S. Bach	Italian Concerto, French Overture	Classical, Baroque			33	2010
328	The Rolling Stones	It's Only Rock 'n' Roll	Rock and Roll, Blues Rock, Funk Rock	1974		33	2016
327	Godley & Creme	Ismism	Rock, Pop Rock, New Wave	1981		33	2010
326	Les McCann	Invitation to Openness	Jazz	1971		33	2010
325	Linx	Intuition	Brit Funk, Soul	1981		33	2015
324	Bill Monroe and his Bluegrass Boys	In the Pines	Bluegrass, Gospel, Country, Folk	1952		33	2015
323	Pat Benatar	In the Heat of the Night	Hard Rock, Pop Rock	1979		33	2010
322	Grateful Dead	In the Dark	Rock	1987		33	2020
321	Miram Makeba	In Concert!	Afropop, Jazz, African	1968		33	2009
320	John Lennon	Imagine	Soft Rock, Pop	1971		33	2008
319	X-Ray Spex	IAMA POSEUR	Punk Rock, New Wave	1977		45	2010
318	The Kiki Dee Band	I've Got the Music in Me	Pop	1974		33	2010
317	Bonnie 'Prince' Billy	i see a darkness	Indie Folk	1999		33	2007
316	Art Garfunkel	I Only Have Eyes For You	Folk, Pop	1975		45	2012
315	Louis Armstrong and the All-Stars	I Love Jazz	Jazz, Dixieland Jazz			33	2009
314	10cc	How dare you!	Progressive Rock, Art Rock, Sophisti-pop, Experimental	1976		33	2010
313	George Frederick Handel	Highlights from Messiah	Classical			33	2009
312	Graham Parker	Heat Treatment	Rock	1976		33	2010
311	Tim Buckley	Happy Sad	Folk Jazz, Folk Rock, Psychedelic Rock	1968		33	2012
310	Daryl Hall and John Oates	H2O	Pop Rock, Blue-Eyed Soul, Soft Rock	1982		33	2010
309	Monks of the Benedictine Abbey	Gregorian Chants	Gregorian Chant			33	2012
308	Elton John	Greatest Hits Volume II	Rock, Pop, Glam Rock	1977		33	2010
307	Barbara Streisand	Greatest Hits Volume 2	Pop			33	2010
306	The Four Tops	Greatest Hits	Soul, Pop	1967		33	2010
305	Steeley Dan	Greatest Hits	Soft Rock, Folk Rock	1978		33	2010
303	Elton John	Greatest Hits	Rock, Pop, Glam Rock	1974		33	2010
302	Donovan	Greatest Hits	Folk, Pop, Psychedelia	1969		33	2010
301	Various	Grease	Musical	1971	2	33	2008
300	Elton John	Goodbye Yellow Brick Road	Rock, Pop, Glam Rock	1973		33	2010
299	AJJ	Good Luck Everybody	Folk Punk, Art Rock, Psychedelic Folk, Lo-Fi	2020		33	2020
298	Barclay James Harvest	Gone to Earth	Progressive Rock	1977		33	2010
297	The Drifter's	Golden Hits	Doo-Wop	1968		33	2009
296	The Ventures	Golden Greats	Surf Rock	1967		33	2006
295	Various	Golden Barbershop Ballads	Barbershop			33	2008
294	Climax Blues Band	Gold Plated	Blues Rock, Soft Rock, Soul	1976		33	2010
293	The Knack	Get the Knack	Power Pop, New Wave	1979		45	2010
292	Ike & Tina Turner	Get It-Get It!	Soul, R&B, Blues	1966		33	2012
291	Megafaun	Gather, Form & Fly	Psychedelic Folk	2009		33	2009
290	Bette Midler	From a Distance	Pop	1990		45	2010
289	Shalamar	Friends	Urban, Soul, R&B, Post-Disco	1982		33	2011
288	Yes	Fragile	Progressive Rock	1971		33	2009
287	Steeley Dan	Four Tracks from Steeley Dan	Soft Rock, Folk Rock	1978		33	2010
286	Anton Dvorak	Four Slavonic Dances	Classical	1878		33	2010
285	Bad Manners	Forging Ahead	Ska, Two-Tone	1982		33	2010
284	The Isley Brothers	Forever Gold	R&B, Soul, Funk, Rock	1977		33	2011
283	Manfred Mann	For Sale: Semi-Detached Suburban	Rock, Psychedelic Pop			33	2010
282	Fleetwood Mac	Fleetwood Mac	Soft Rock, Pop	1975		33	2008
281	Buffy Sainte-Marie	Fire & Fleet & Candlelight	Folk Rock	1967		33	2007
280	Chuck Mangione	Feels So Good	Jazz, Smooth Jazz	1989		33	2010
279	Heinz Holliger	Famous Oboe Concertos	Classical			33	2010
278	Sad Cafe	Facades	Soft Rock	1980		33	2010
277	Survivor	Eye of the Tiger	Hard Rock	1982		33	2010
276	The Moody Blues	Every Good Boy Deserves Favour	Progressive Rock	1971		33	2010
275	Buzzcocks	Ever Fallen In Love	Punk Rock, Power pop, New Wave	1978		45	2011
274	Leo Sayer	Endless Flight	Pop Rock, Soft Rock, Disco	1976		33	2010
273	Barbara Streisand	Emotion	Pop	1984		33	2010
270	Electric Light Orchestra	Eldorado	Progressive rock	1974		33	2009
269	Blondie	Eat to the Beat	New Wave, Punk Rock	1979		33	2010
268	Earl Klugh	Earl Klugh	Jazz, Smooth Jazz, Pop	1976		33	2008
267	Rainbow	Down to Earth	Hard Rock, Heavy Metal	1979		33	2010
266	Slow Gherkin	Double Happiness	Ska Punk	1993		33	2010
265	Jungle Brothers	Doin' Our Own Dang	Hip Hip, Electronica	1990		33	2011
263	Pete Fountain	Dixieland	Jazz, Dixieland Jazz	1977		33	2010
262	Various	Dita Von Teese - Soundtrack for Seduction	Soundtrack	2016	1	33	2016
261	Bad Company	Desolation Angels	Hard Rock, Blues Rock	1979		33	2010
260	Bob Dylan	Desire	Folk Rock	1976		33	2012
259	Dean Friedman	Dean Friedman	Soft Rock, Pop, Folk	1977		33	2010
258	David Grisman	Dawg Grass	Americana, Newgrass, Jazz	1982		33	2009
257	Various	Dance Craze	Ska	1981		33	2010
256	Trio	Da Da Da	Neue Deutsche Welle, New Wave, Minimalism	1981		45	2012
255	The Clash	Cut the Crap	Punk Rock	1985		33	2010
254	La Sabrosona	Cuarteto Ysidoro Flores y Otros		1987		33	2010
253	Crystal Gayle	Crystal	Country	1976		33	2010
252	Supertramp	Crisis? What Crisis?	Progressive Rock	1975		33	2010
251	Pat Benatar	Crimes of Passion	Hard Rock, Pop Rock	1980		33	2010
250	Jimi Hendrix	Crash Landing	Rock	1975		33	2011
249	MU330	crab rangoon	Ska Punk, Punk Rock, Indie Rock	1997		33	2010
248	Count Basie	Count Basie & His Orchestra - 1937	Jazz, Big Band, Swing	1937		33	2006
247	Styx	Cornerstone	Rock	1979		33	2010
246	Peter Tchaikovsky	Concerto No. 1	Classical			33	2010
245	Nick Gilder	City Nights	Pop Rock	1978		33	2010
244	The Shins	Chutes Too Narrow	Indie Rock	2003		33	2003
243	Christopher Cross	Christopher Cross	Pop, Rock, Soft Rock	1979		33	2010
242	Various	Children of Paris	Childrens			33	2009
241	David Bowie	Changes One	Rock, Glam Rock, Art Rock	1976		33	2010
240	David Bowie	Changes	Glam Rock, Art Rock	1971		45	2011
239	Ornette Coleman	change of the century	Jazz, Free Jazz	1960		33	2007
238	Carole Bayer Sager	Carole Bayer Sager	Pop	1977		33	2010
237	Steeley Dan	Can't Buy a Thrill	Soft Rock, Folk Rock	1972		33	2010
236	Progress	Busy Making Progress		1978		33	2010
235	Men At Work	Business as Usual	New Wave, Reggae Rock, Pop Rock	1982		33	2010
234	Bryan Ferry	These Foolish Things	Rock, Glam Rock	1973		33	2010
233	Simon & Garfunkel	Bridge Over Troubled Water	Folk Rock	1970		33	2008
232	Van Dyke Parks	Brer Rabbit	Soundtrack, Orchestral Pop	1984		33	2015
231	Pointer Sisters	Break Out	R&B, Pop, Soul	1983		33	2012
230	Boston	Boston	Hard Rock	1976		33	2010
229	Simon & Garfunkel	Bookends	Folk Rock	1968		33	2008
228	Born Ruffians	Birthmarks	Indie Rock	2013		33	2013
227	Tune Yards	Bird-Brains	Lo-Fi	2009		33	2009
226	Janis Ian	Between the Lines	Folk, Adult Contemporary	1975		33	2010
225	Daryl Hall and John Oates	Beauty on a Back Street	Pop Rock, Blue-Eyed Soul, Soft Rock	1977		33	2010
224	Tempe Union H.S.	Beat of the Buffs	Marching Band			33	2013
223	Andy Fairweather Low	Be Bop 'N' Holla	Pop Rock	1976		33	2010
222	Meat Loaf	Bat Out of Hell	Hard Rock, Pop, Progressive Rock	1977		33	2014
221	The Dickies	Banana Splits	Punk Rock, Pop Punk	1979		45	2010
220	Bad Manners	Ska 'n' B	Ska, Two-Tone	1980		33	2012
219	Michael Jackson	Bad	Pop	1987		33	2015
218	AC/DC	Back in Black	Hard Rock, Heavy Metal, Arena Rock	1980		33	2015
217	Lindisfarne	Back and Fourth	Folk Rock	1978		33	2010
216	ABBA	Arrival	Pop, Euro Disco	1976		33	2010
215	Various	Arizona Sounds Volume Two	Rock, Jazz, Blues	1978		33	2012
214	Orchestral Manoeuvres in the Dark	Architecture & Morality	Electronic, New Wave, Synth-Pop, Experimental	1981		33	2010
213	Barbara Dickson	Answer Me	Pop	1976		33	2010
212	Queen	Another One Bites the Dust	Rock, Disco	1980		45	2014
211	Genesis	And Then There Were Three	Pop Rock	1978		33	2010
210	Billy Joel	An Innocent Man	Pop Rock, Soft Rock, Doo-Wop	1983		33	2010
209	Cheyenne Mize	Among the Grey	Folk	2013		33	2013
208	Cheyenne Mize and Bonnie 'Prince' Billy	Among the Gold	Folk, Parlor	2009		33	2009
207	Willie Nelson	Always On My Mind	Counrty, Pop, Rock and Roll	1982		33	2010
206	Asia	Alpha	Progressive Rock, Pop Rock	1983		33	2010
205	KC & The Sunshine Band	All In A Night's Work	Disco, Funk	1975		33	2009
204	Pearl Jam	Alive	Grunge, Rock	1991		45	2013
203	Iannis Xenakis	Akrata - Achorripsis	Classical, Experimental	1969		33	2013
202	Steeley Dan	aja	Jazz Rock	1977		33	2010
201	Steve Martin	A Wild and Crazy Guy	Comedy	1978		33	2012
200	Renaissance	A Song for All Seasons	Progressive Rock	1978		33	2010
199	The Moody Blues	A Question of Balance	Progressive Rock	1970		33	2010
198	Billy Joel	52nd Street	Rock, Jazz Rock	1978		33	2010
197	Sublime	40oz to Freedom	Ska Punk, Reggae Rock	1992		33	2014
196	Various	25 Rock Revival Greats	Rock 'N' Roll			33	2010
195	Various	2001 a space odyssey	Soundtrack	1968		33	2012
194	Buddy Holly	20 Golden Greats	Rock and Roll, Rockabilly, Pop, Country	1958		33	2005
193	Various	20 Famous Country Hits	Country			33	2010
192	Gladys Knight & The Pips	2 Record Set	R&B, Soul, Pop			33	2008
191	Leo Kottke	1971-1976	Folk, Country, American Primitive Guitar	1976		33	2011
190	Peter Tchaikovsky	1812 Overture	Classical			33	2010
189	Michael Jackson	18 Greatest Hits	Pop			33	2010
188	Peter, Paul & Mary	10 Years Together	Folk	1970		33	2010
187	French Quarter	French Quarter	Folk, Bedroom Pop	2007		33	2007
186	Whitney Houston	Whitney Houston	Pop, R&B	1985		33	2020
185	George Moustaki		French, Pop			33	2020
184	Toto	Toto	Progressive Rock, Jazz Rock, R&B, Hard Rock	1978		33	2010
183	Toto	IV	Rock	1982		33	2010
182	Earth, Wind & Fire	I Am	R&B, Soul, Disco, Funk	1979		33	2010
181	Electric Light Orchestra	ELO II	Progressive rock	1973		33	2010
180	Earth, Wind & Fire	Raise!	R&B, Soul, Post-Disco, Funk	1981		33	2010
179	Asia	Asia	Progressive Rock, Pop Rock	1982		33	2010
178	Crosby, Stills & Nash	Crosby, Stills & Nash	Folk Rock,   Soft Rock, Blues Rock, Jazz Rock	1969		33	2010
177	Chicago	Chicago X	Rock	1976		33	2010
176	DEVO	New Traditionalists	New Wave, Synth-Pop	1984	1	33	2010
175	Electric Light Orchestra	Time	Synth-pop, prog rock, progressive rock, new wave, rock opera, post-disco	1981		33	2009
173	The Specials	Do Nothing / Maggie's Farm	Ska, Two Tone	1980	1	45	2016
172	High Places	03/07-09/07	Psychedelic Pop	2008		45	2008
171	Prince	1999	R&B, funk, pop, synth-pop, art pop	1982		33	2011
170	Whateverglades	Wish You Were	Rock N' Roll	2017	1	45	2017
163	The Coasters	Poison Ivy	Rock	1959	1	45	2020
162	Vera Lynn	Sincerely Yours	Pop	1945	1	45	2020
160	Sugar Cane	Val Hevala	Pop	1979	1	45	2016
159	The Special AKA	Nelson Mandela	Ska, Two Tone	1984	1	45	2016
158	David Bowie & Bing Crosby	Peace On Earth / Little Drummer Boy	Rock	1982	1	45	2016
157	John Lennon & Yoko Ono	Beautiful Boys / Woman	Rock	1980	1	45	2012
156	John Lennon & Yoko Ono	Just Like Starting Over / Kiss Kiss Kiss	Rock	1980	1	45	2012
155	10cc	The Things We Do For Love	Soft Rock	1976	1	45	2012
154	The Undertones	Positive Touch	Punk	1981	1	33	2016
152	Stephen Steinbrink	Anagrams	Folk	2016	1	33	2016
151	The Shapes	More Songs for Sensible People	Punk	1998	1	33	2015
150	Glochids	Originals	Experimental	2013	1	33	2017
149	Rhoda Dakar	Sings The Bodysnatchers	Ska, Two Tone	2014	1	33	2015
148	The Beatles	Abbey Road	Rock	1969	1	33	2017
147	Culture Club	Karma Chameleon	New Wave	1983	1	45	2013
145	Santana	Abraxas	Rock, Psychedelic Rock	1970	1	33	2011
144	Various	Santeria-Cubana	World, Cuban	1968	1	33	2012
143	Paul Simon	Greatest Hits, Etc.	Pop, Folk, World	1977	1	33	2007
142	Paul Simon	Graceland	Pop, Folk, World	1986	1	33	2011
141	Sister Rosetta Tharpe	Sister Rosetta Tharpe	Rock N' Roll, Gospel, R&B	1959	1	33	2011
140	Sly and the Family Stone	Fresh	Funk	1973	1	33	2011
138	Squeeze	Singles	New Wave, Punk	1982	1	33	2012
137	Supertramp	Breakfast in America	Rock, Prog Rock	1979	1	33	2014
136	The Thermals	Now We Can See	Indie Rock, Punk	2009	1	33	2009
135	Tilbury	Exorcise	Indie, Rock	2012	1	33	2012
134	Tilbury	Northern Comfort	Indie, Rock	2013	1	33	2013
133	The Undertones	Hypnotised	Punk, New Wave	1980	1	33	2018
132	Nirvana	Live	Grunge, Rock	1990	1	33	2021
131	Les Paul & Mary Ford	The World is Still Waiting for the Sunrise	Jazz, Country	1974	1	33	2008
130	Gilbert & Sullivan	The Pirates of Penzance	Musical	1981	1	33	2010
129	Prince and the Revolution	Around the World in a Day	Rock, Pop, R&B	1985	1	33	2007
128	Queen	A Day at the Races	Hard Rock, Symphonic Rock, Pop, Glam Rock	1976	1	33	2006
127	Queen	A Night at the Opera	Progressive Rock, Pop, Heavy Metal, Hard Rock, Avant Pop	1975	1	33	2006
126	Django Reinhardt	Django Reinhard & Stephane Grappelly with the Quintet of the Hot Club of France	Jazz, Gypsy Jazz	1945	1	33	2009
125	Elis Regina	Elis Regina in London	Jazz, Brazilian, World	1969	1	33	2007
124	Richard O'Brien	The Rocky Horror Picture Show	Musical, Glam Rock, Rock, Soundtrack	1975	1	33	2012
123	The Rolling Stones	December's Children	Rock	1965	1	33	2012
122	The Rolling Stones	Let it Bleed	Rock	1969	1	33	2012
121	The Rolling Stones	Exile on Main St	Rock	1972	1	33	2016
120	The Rolling Stones	Some Girls	Rock	1978	1	33	2014
119	The Rolling Stones	Emotional Rescue	Rock	1980	1	33	2017
118	Golden Dawn Arkestra	Golden Dawn Arkestra	Jam, Funk, World, Fusion	2014	1	33	2014
117	Grateful Dead	Skeletons from the Closet	Rock, Folk, Psychedelic	1974	1	33	2016
116	Herbie Hancock	Head Hunters	Jazz, Funk, Fusion	1973	1	33	2004
115	Michael Jackson	Off the Wall	Pop	1979	1	33	2010
114	The Jam	All Mod Cons	Punk, Mod, New Wave	1978	1	33	2013
113	Billy Joel	Glass Houses	Rock, Pop, Piano Rock	1980	1	33	2010
112	Led Zeppelin	III	Rock	1970	1	33	2008
111	John Lennon	Rock 'N' Roll	Rock N' Roll	1975	1	33	2007
110	Madness	One Step Beyond	Ska, Two-Tone	1979	1	33	2010
109	Madness	Absolutely	Ska, Two-Tone	1980	1	33	2010
108	Madness	Keep Moving	Ska, Two Tone	1984	1	33	2010
107	Madness	The Rise & Fall	Ska, Two Tone	1982	1	33	2010
106	Junior Murvin	Police & Thieves	Reggae	1977	1	33	2011
105	Charles Mingus	Mingus Ah Um	Jazz	1959	1	33	2006
104	Wolfgang Amadeus Mozart	String Quartets K. 499 & K. 575	Classical	1968	1	33	2007
103	Claude Debussy	Children's Corner, Clair de Lune, L'isle Joyeuse, ...	Classical	1969	1	33	2005
101	Dire Straits	Brothers in Arms	Rock	1985	1	33	2010
100	Bob Dylan	The Freewheelin'	Folk	1963	1	33	2011
99	Bob Dylan	Bringing it All Back Home	Folk	1965	1	33	2011
98	Electric Light Orchestra	ELO's Greatest Hits	Rock, Art Rock	1979	1	33	2007
97	Duke Ellington	Ellington at Newport	Jazz	1956	1	33	2009
96	Johnny Cash	Johnny Cash at San Quentin	Country	1969	1	33	2012
95	Johnny Cash	Sings the Ballads of the True West	Country	1965	2	33	2012
94	The Cars	Greatest Hits	Rock, Power Pop	1985	1	33	2005
93	Ray Charles	The Genius of Ray Charles	R&B	1959	1	33	2010
92	Various	The Best of Chess Rock N' Roll	Rock N' Roll	1987	2	33	2006
91	The Clash	Combat Rock	Punk	1982	1	33	2010
90	John Coltrane	A Love Supreme	Jazz	1965	1	33	2008
89	Cream	Best of Cream	Rock	1969	1	33	2011
88	David Bowie	Hunky Dory	Glam Rock, Art Rock	1971	1	33	2011
87	David Bowie	Station to Station	Rock, Funk, Krautrock	1976	1	33	2011
86	David Bowie	Let's Dance	Pop	1983	1	33	2016
85	David Bowie	Black Star	Art Rock, Experimental Rock	2016	1	33	2016
84	David Byrne	The Catherine Wheel	Art Rock, World	1981	1	33	2018
83	The Boomtown Rats	The Fine Art of Surfacing	Rock	1979	1	33	2018
39	Belle and Sebastian	Girls in Peacetime Want to Dance	Indie Pop	2014	1	33	2014
20	Tune Yards	Whokill	Art Pop, Noise Pop	2011	1	33	2011
19	Tune Yards	Nikki Nack	Art Pop, Worldbeat	2014	1	33	2014
18	The Go-Gos	Beauty and the Beat	New Wave	1981	1	33	2006
17	Yes	Close to the Edge	Progressive Rock	1972	1	33	2007
16	Fun Boy Three	Waiting	New Wave	1983	1	33	2012
15	Blondie	Parallel Lines	New Wave	1978	1	33	2010
13	David Bowie	The Rise and Fall of Ziggy Stardust and the Spiders from Mars	Glam Rock	1972	1	33	2010
12	The Clash	London Calling	Punk	1979	2	33	2013
11	Amy Winehouse	Back to Black	Soul, R&B, Neo Soul	2006	1	33	2011
10	Various	The Darjleeing Limited	Soundtrack, Indian	2007	1	33	2010
9	Bon Iver	Bon Iver	Folk	2011	1	33	2011
8	Johnny Flynn	Been Listening	Folk	2010	2	33	2010
7	The B-52's	Wild Planet	New Wave	1980	1	33	2004
6	Roy Acuff	Great Speckle Bird	Country	1936	1	33	2007
5	Adam Ant	Friend or Foe	New Wave	1982	1	33	2012
4	Johnny Greenwood	The Master	Soundtrack	2013	1	33	2015
3	Joanna Newsom	Divers	Folk	2015	2	33	2015